Title,movie_id
[Rec] 2,1245112
10 Things I Hate About You,0147800
10 Years,1715873
12 Rounds,1160368
127 Hours,1542344
13 Going on 30,0337563
13 Sins,2059171
13 Tzameti,0475169
1408,0450385
16 Blocks,0450232
17 Again,0974661
2 Days in New York,1602472
2 Days in Paris,0841044
2 Fast 2 Furious,0322259
2 Guns,1272878
20 Feet from Stardom,2396566
2012 (I),1190080
2046,0212712
21,0478087
21 & Over,1711425
21 Grams,0315733
21 Jump Street,1232829
25th Hour,0307901
27 Dresses,0988595
28 Days,0191754
28 Weeks Later,0463854
3 Hearts,2822742
30 Beats,1484521
30 Days of Night,0389722
30 Minutes or Less,1622547
300,0416449
3000 Miles to Graceland,0233142
35 Shots of Rum,1100048
360,1680045
3rd Rock from the Sun,0115082
42,0453562
45365,1337139
47 Ronin,1335975
5 Days of War,1486193
5 Flights Up,2933544
50 First Dates,0343660
500 Days of Summer,1022603
56 Up,2147134
6 Month Rule,0865561
'71,2614684
8 Mile,0298203
88 Minutes,0411061
8MM,0134273
9 (I),0472033
A Beautiful Mind,0268978
A Better Life,1554091
A Case of You,1817081
A Christmas Tale,0993789
A Cinderella Story,0356470
A Dangerous Method,1571222
A Day Without a Mexican,0377744
A Dirty Shame,0365125
A Few Good Men,0104257
A Field in England,2375574
A Film Unfinished,1568923
A Good Year,0401445
A Guide to Recognizing Your Saints,0473488
A Haunted House,2243537
A Haunted House 2,2828996
A Hijacking,2216240
A History of Violence,0399146
A Home at the End of the World,0359423
A la mala,4357170
A Late Quartet,1226240
A Little Bit of Heaven,1440161
A Little Help,1319722
A Long Way Down,0458413
A Lot Like Love,0391304
A Mighty Wind,0310281
A Most Violent Year,2937898
A Most Wanted Man,1972571
A Perfect Getaway,0971209
A Picture of You,2351098
A River Runs Through It,0105265
A Royal Affair,1276419
A Scanner Darkly,0405296
A Serious Man,1019452
A Single Man,1315981
A Single Shot,1540741
A Sound of Thunder,0318081
A Teacher,2201548
A Thousand Words (I),0763831
A Town Called Panic,1433540
A Very Long Engagement,0344510
A Walk to Remember,0281358
ABCs of Death 2,2926810
About Cherry,1945062
About Schmidt,0257360
About Time (I),2194499
Accepted,0384793
Across the Universe,0445922
Act of Valor,1591479
Adam (I),1185836
Adaptation.,0268126
Addicted (I),2205401
Admission,1814621
Adore,2103267
Adult World,1067765
Adventureland,1091722
Afternoon Delight,2312890
Agent Cody Banks,0313911
Agora,1186830
Ain't Them Bodies Saints,2388637
Air Force One,0118571
Akeelah and the Bee,0437800
Albatross,1541149
Albert Nobbs,1602098
Alex Cross,1712170
Alexander,0346491
Alfie,0375173
Ali,0248667
Alien 3,0103644
Alien Abduction,2510434
Aliens,0090605
Aliens in the Attic,0775552
Alive Inside,2593392
All About My Mother,0185125
All About Steve,0881891
All Good Things,1175709
All Is Lost,2017038
All the Real Girls,0299458
Almost Famous,0181875
Alone in the Dark,0369226
Along Came a Spider,0164334
Along Came Polly,0343135
Alpha and Omega,1213012
Alpha Dog,0426883
Alps,1859446
Alvin and the Chipmunks,0952640
Amadeus,0086879
American Beauty,0169547
American Dreamz,0465142
American Gangster,0765429
American History X,0120586
American Me,0103671
American Pie,0163651
American Pie 2,0252866
American Psycho,0144084
American Reunion,1605630
American Sniper,2179136
American Splendor,0305206
American Wedding,0328828
Amour,1602620
An American Haunting,0429573
An Education,1174732
An Inconvenient Truth,0497116
An Unfinished Life,0350261
Analyze That,0289848
And So It Goes,2465146
Angel-A,0473753
Angels & Demons,0808151
Anger Management,1986770
Animal Kingdom,5574490
Annapolis,0417433
Annie,0083564
Annie,0083564
Anonymous (I),1521197
Another Earth,1549572
Another Gay Movie,0443431
Another Year,1431181
Antitrust,0218817
Antwone Fisher,0168786
Antz,0120587
Any Day Now,2066176
Any Given Sunday,0146838
Anything Else,0313792
Apocalypse Now,0078788
Apocalypto,0472043
Apollo 13,0112384
Apollo 18,1772240
Appaloosa,0800308
Aquamarine,0429591
Arbitrage,1764183
Are We Done Yet?,0422774
Are We There Yet?,0368578
Argo,1024648
Arlington Road,0137363
Armadillo,1640680
Armageddon,0120591
Armored,0913354
Army of Darkness,0106308
Around the World in 80 Days,0327437
Arthur,0082031
Arthur and the Invisibles,0344854
Arthur Christmas,1430607
Arthur Newman,1930546
As Good as It Gets,0119822
As I Lay Dying,1807944
Ask the Dust,0384814
Assault on Precinct 13,0398712
Astro Boy,0375568
At Any Price,1937449
At Middleton,1483324
ATM (I),1603257
Atonement,0783233
Attack the Block,1478964
Attenberg,1691323
Auftauchen,0768171
August Rush,0426931
Augustine,2098628
Austenland,1985019
Australia,0455824
Autumn in New York,0174480
Avatar,0499549
Awake,0211933
Away from Her,0491747
Away We Go,1176740
Away We Go,1176740
Babe,0112431
Babel (I),0449467
Babies,1020938
Baby Mama,0871426
Bachelorette,1920849
Back to the Future,0088763
Backdraft,0101393
Bad Boys,0112442
Bad Company,0280486
Bad Company,0280486
Bad Education,2337840
Bad Milo,2274570
Bad Santa,0307987
Bad Teacher,1284575
Bad Turn Worse,2873214
Bad Words,2170299
Baggage Claim,1171222
Baghead,0923600
Ballast,1153690
Balls of Fury,0424823
Bandslam,0976222
Bangkok Dangerous,0814022
Basic Instinct 2,0430912
Batman,0096895
Batman Begins,0372784
Batman Forever,0112462
Battleship,1440129
Be Cool,0377471
Beastly,1152398
Beasts of the Southern Wild,2125435
Beautiful Boy,1533013
Beauty Shop,0388500
Because I Said So,0490084
Bedtime Stories,0960731
Bee Movie,0389790
Beerfest,0486551
Before Midnight,2209418
Before Night Falls,0247196
Before Sunrise,0112471
Before Sunset,0381681
Beginners,1532503
Behind Enemy Lines,0159273
Being Flynn,0455323
Being John Malkovich,0120601
Bel Ami,1440732
Believe Me,3107070
Bella,0482463
Belle,2404181
Bellflower,1242599
Below,0276816
Beneath the Darkness,1781775
Beneath the Harvest Sky,2313896
Beowulf,0442933
Berberian Sound Studio,1833844
Bernie,1704573
Besharam,2576450
Best in Show,0218839
Best Night Ever,2499414
Best Worst Movie,1144539
Better Living Through Chemistry,1609479
Bettie Page Reveals All,1776086
Beverly Hills Chihuahua,1014775
Beverly Hills Cop,0086960
Bewitched,0057733
Beyond Borders,0294357
Beyond the Black Rainbow,1534085
Beyond the Hills,2258281
Beyond the Sea,0363473
Bhaag Milkha Bhaag,2356180
Big,0094737
Big Ass Spider!,1830713
Big Bad Wolves,2309224
Big Daddy,0142342
Big Eyes (I),1126590
Big Fan,1228953
Big Fish,0319061
Big Man Japan,0997147
Big Momma's House 2,0421729
Bill Cunningham New York,1621444
Bill W.,2275549
Billy Elliot,0249462
Billy Madison,0112508
Birth,0337876
Birth of the Living Dead,2507128
Biutiful,1164999
Black Book,0389557
Black Death,1181791
Black Dynamite,1190536
Black Hawk Down,0265086
Black Nativity,1425922
Black Rock,1930294
Black Sea,2261331
Black Snake Moan,0462200
Black Swan,0947798
Blackfish,2545118
Blackthorn,1629705
Blade,0120611
Blade Runner,0083658
Blades of Glory,0445934
Blended,1086772
Blood Diamond,0450259
Blood Work,0309377
BloodRayne,0383222
Bloody Sunday,0280491
Blow,0221027
Blue Caprice,2027064
Blue Jasmine,2334873
Blue Ruin,2359024
Blue Streak,0181316
Blue Valentine,1120985
Bobby,0308055
Body of Lies,0758774
Boiler Room,0181984
Bolt,0397892
Bonneville,0487195
Boogeyman,0357507
Boogie Nights,0118749
Borgman,1954315
Bottle Rocket,0115734
Bottle Shock,0914797
Bound,0115736
Bowfinger,0131325
Bowling for Columbine,0310793
Boy A,1078188
Boyhood (I),1065073
Br√ºno,0889583
Brake (I),1990181
Bran Nue Dae,1148165
Braveheart,0112573
Breach,0401997
Breach,0401997
Break Ke Baad,1578261
Breakfast on Pluto,0411195
Breaking and Entering,0443456
Breathe In,1999987
Brick Mansions,1430612
Brick Mansions,1430612
Bride Wars,0901476
Bridge to Terabithia,0398808
Bridget Jones's Diary,0243155
Bright Star,0810784
Bringing Down the House,0305669
Bringing Up Bobby,1656170
Brokeback Mountain,0388795
Broken City,1235522
Broken Embraces,0913425
Broken Flowers,0412019
Bronson,1172570
Brooklyn's Finest,1210042
Brother Bear,0328880
Brother Bear,0328880
Bruce Almighty,0315327
Buck,1753549
Buffy the Vampire Slayer,0118276
Bug,0470705
Bullet to the Head,1308729
Bullhead,1821593
Bulworth,0118798
Buried,1462758
Burlesque (I),1126591
Burn After Reading,0887883
Burnt (I),2503944
Bus 174,0340468
Butch Cassidy and the Sundance Kid,0064115
Butter,1349451
Byzantium,1531901
C.O.G.,1650393
Cabin Fever,3832096
Cairo Time,0896529
Cake (II),3442006
Call Me Kuchu,2088714
Calvary,2234003
Camp X-Ray,2994190
Cantinflas,3005242
Capital,4594334
Capote,0379725
Captain Phillips,1535109
Captivity,0374563
Caramel,0825236
Carlos,1321865
Cars,0317219
Cars 2,1216475
Case 39,0795351
Casino,0112641
Cassandra's Dream,0795493
Cast Away,0162222
Casting By,1293751
Catch a Fire,0437232
Catch Me If You Can,0264464
Catfish,1584016
Cats & Dogs,0239395
Catwoman,0327554
Cave of Forgotten Dreams,1664894
CBGB,1786751
Cedar Rapids,1477837
Celeste & Jesse Forever,1405365
Cellular,0337921
Centurion,1020558
Certified Copy,1020773
Cesar Chavez,1621046
Chain Letter,1148200
Chalet Girl,1487118
Chandni Chowk to China,1091229
Changing Lanes,0264472
Chappie,1823672
Chapter 27,0488988
Charlie Bartlett,0423977
Charlie Countryman,1196948
Charlie St. Cloud,1438254
Charlie Wilson's War,0472062
Charlie's Angels,0160127
Chasing Amy,0118842
Chasing Madoff,1636849
Che: Part One,0892255
Cheap Thrills (I),2389182
Cheaper by the Dozen,0349205
Cheaper by the Dozen 2,0452598
Chennai Express,2112124
Chernobyl Diaries,1991245
Chicago,0299658
Chicken Little,0371606
Chicken Run,0120630
Chicken with Plums,1663321
Chico & Rita,1235830
Children of Men,0206634
Child's Pose,2187115
Chimpanzee,1222815
Chinatown,0071315
Chinese Puzzle,1937118
Chloe,1352824
Chocolat,0241303
Christmas with the Kranks,0388419
Cinderella Man,0352248
Cinema Paradiso,0095765
Circumstance,1684628
Citadel (I),1641975
Citizenfour,4044364
City Island,1174730
City of Ember,0970411
City of God,0317248
City of War: The Story of John Rabe,1124377
CJ7,0940709
Clandestine Childhood,1726888
Clear and Present Danger,0109444
Clerks,0109445
Click,0389860
Clifford's Really Big Movie,0398872
Clockstoppers,0157472
Closed Circuit,2218003
Closed Curtain,2626926
Closer (I),0376541
Cloud Atlas,1371111
Clouds of Sils Maria,2452254
Cloudy with a Chance of Meatballs,0844471
Cloverfield,1060277
Club Dread,0331953
Clue,0088930
Clueless,0112697
Coach Carter,0393162
Code 46,0345061
Coherence,2866360
Cold Creek Manor,0331468
Cold in July,1179031
Cold Mountain,0159365
Cold Souls,1127877
Coldwater,2198956
Collateral,0369339
Collateral Damage,0233469
College Road Trip,0997047
Colombiana,1657507
Compliance,1971352
Con Air,0118880
Conan O'Brien Can't Stop,1864288
Conan the Barbarian,0082198
Conan the Barbarian,0082198
Concussion,3322364
Confessions of a Dangerous Mind,0270288
Confessions of a Shopaholic,1093908
Confessions of a Teenage Drama Queen,0361467
Congo,0112715
Conspiracy Theory,0118883
Constantine,0360486
Contact,0118884
Contagion,1598778
Contraband,1524137
Control,0421082
Conversations with Other Women,0435623
Cool World,0104009
Cop Land,0118887
Coraline,0327597
Coriolanus,1372686
Cosmopolis,1480656
Country Strong,1555064
Couples Retreat,1078940
Courageous,1630036
Cowboys & Aliens,0409847
Coyote Ugly,0200550
Crank,0479884
Crazy Heart,1263670
Crossover,0473024
Cuban Fury,2390237
Curious George,0381971
Cursed,0257516
Cyrus (I),1336617
Daddy Day Camp,0462244
Daddy Day Care,0317303
Dallas Buyers Club,0790636
Damsels in Distress,1667307
Dan in Real Life,0480242
Dance Flick,1153706
Dances with Wolves,0099348
Danny Collins,1772288
Daredevil,3322312
Dark Horse,4137902
Dark Shadows,1077368
Dark Water,0382628
Darling Companion,1730687
Das Boot,0082096
Date Movie,0466342
Date Night,1279935
Dawn of the Dead,0363547
Day Watch,0409904
Daybreakers,0433362
Dazed and Confused,0106677
Dead Awake,3778010
Dead Man,0112817
Dead Man Down,2101341
Dead Poets Society,0097165
Dead Snow,1278340
Dear John (I),0989757
Dear White People,2235108
Death Race,0452608
Death Sentence,0804461
December Boys,0465436
Deck the Halls,0790604
Deep Impact,0120647
Defiance,2189221
"Definitely, Maybe",0832266
Dekalog,0092337
Delgo,0361500
Deliver Us from Eva,0301181
Delivery Man,2387559
Delta Farce,0800003
Departures,1069238
Derailed (I),0398017
Desert Dancer,2403393
Desert Flower,1054580
Desperado,0112851
Despicable Me,1323594
Despicable Me 2,1690953
Detachment,1683526
Detroit Rock City,0165710
Detropia,2125490
Devil's Due,2752758
Diana,1758595
Diary of a Wimpy Kid,1196141
Dick,0144168
Die Another Day,0246460
Die Hard,0095016
Digging Up the Marrow,1991031
Dinner for Schmucks,0427152
Dinosaur,0130623
Diplomacy,3129564
Dirt,0496275
Dirty Dancing,0092890
Dirty Deeds,0407732
Dirty Girl,1107319
Dirty Wars,2532528
Disaster Movie,1213644
Disconnect (I),1433811
District 9,1136608
Disturbia,0486822
Disturbia,0486822
Divergent,1840309
Django Unchained,1853728
Do the Right Thing,0097216
Dodgeball: A True Underdog Story,0364725
Dogtooth,1379182
Dogville,0276919
Dolphin Tale,1564349
Dolphin Tale 2,2978462
Dom Hemingway,2402105
Domino,0421054
Don 2,1285241
Don Jon,2229499
Donkey Punch,0988849
Donnie Brasco,0119008
Donnie Darko,0246578
Don't Be Afraid of the Dark,1270761
Doogal,0763304
Doom,0419706
Doomsday,0483607
Double Jeopardy,0150377
Doubt (I),0918927
Down Terrace,1489167
Downfall,0363163
Dracula 2000,0219653
Dracula Untold,0829150
Draft Day (I),2223990
Drag Me to Hell,1127180
Dream House,1462041
Dreamcatcher,0285531
Dreamgirls,0443489
Dredd,1343727
Drillbit Taylor,0817538
Drinking Buddies,2265398
Driving Miss Daisy,0097239
Drug War,2165735
Drumline,0303933
Due Date,1231583
Duma,0361715
Dummy,0246592
Duplex,0266489
Duplicity,1135487
Eagle Eye,1059786
Eastern Promises,0765443
Easy A,1282140
Easy Rider,0064276
Eat Pray Love,0879870
Echelon Conspiracy,1124039
Edge of Darkness,1226273
Edward Scissorhands,0099487
Effie Gray,1605798
Eight Crazy Nights,0271263
Eight Legged Freaks,0271367
Election,0126886
Election,0126886
Elegy (I),0974554
Elektra,0357277
Elena,1925421
Elf,0319343
Elite Squad,0861739
Elizabethtown,0368709
Ella Enchanted,0327679
Elysium (I),1535108
Emperor,2103264
Employee of the Month,0424993
Enchanted,0461770
End of Watch,1855199
Ender's Game,1731141
Enemy,2316411
Enemy at the Gates,0215750
Enemy of the State,0120660
Enough Said,2390361
Enter the Void,1191111
Envy,0326856
Epic Movie,0799949
Equilibrium,0238380
Eragon,0449010
Erased,1645155
Escape from Tomorrow,2187884
Europa Report,2051879
Evan Almighty,0413099
Everyone's Hero,0430779
Everything Is Illuminated,0404030
Everything Must Go,1531663
Evil Dead,1288558
Ex Machina,0470752
Exit Through the Gift Shop,1587707
Exit Wounds,0242445
Extract,1225822
Extreme Ops,0283160
Eyes Wide Shut,0120663
Face/Off,0119094
Factory Girl,0432402
Factotum,0417658
Fading Gigolo,2258345
Fahrenheit 9/11,0361596
Failure to Launch,0427229
Fanboys,0489049
Fantastic Mr. Fox,0432283
Fargo,2802850
Fast Five,1596343
Fast Food Nation,0460792
Fast Times at Ridgemont High,0083929
Fatal Attraction,0093010
Faust,0016847
Fear and Loathing in Las Vegas,0120669
Feast,0426459
Fed Up,2381335
Femme Fatale,0280665
Field of Dreams,0097351
Fifty Shades of Grey,2322441
Fight Club,0137523
Fighting,1082601
Fill the Void,2219514
Filth (I),1450321
Final Destination 2,0309593
Final Destination 3,0414982
Final Destination 5,1622979
Find Me Guilty,0419749
Finding Nemo,0266543
Finding Neverland,0308644
Finding Vivian Maier,2714900
Fireproof,1129423
First Blood,0083944
First Position,2008513
Fish Tank,1232776
Five Minutes of Heaven,1238291
Flags of Our Fathers,0418689
Flight (I),1907668
Flightplan,0408790
Flipped (I),0817177
Flushed Away,0424095
Flyboys,0454824
Flypaper,1541160
"Food, Inc.",1286537
Fool's Gold (I),0770752
Footloose,0087277
Footnote,1445520
"For a Good Time, Call...",1996264
For Colored Girls,1405500
For Greater Glory: The True Story of Cristiada,1566501
For Your Consideration,0470765
Force Majeure,2121382
Forever Strong,0840322
Forgetting Sarah Marshall,0800039
Formula 51,0227984
Forrest Gump,0109830
Four Brothers,0430105
Four Christmases,0369436
Four Lions,1341167
Foxcatcher,1100089
Fracture,0488120
Frank (II),1605717
Frankenweenie,1142977
Fred Claus,0486583
Freedom Writers,0463998
Freedomland,0349467
Frequency,5531470
Friday Night Lights,0758745
Friended to Death,2298186
Friends with Kids,1720616
Friends with Money,0436331
From Paris with Love,1179034
From Prada to Nada,0893412
From Up on Poppy Hill,1798188
Frontera,2510028
Frost/Nixon,0870111
Frozen River,0978759
Fun Size,1663143
Fun with Dick and Jane,0369441
Funny Games,0808279
Funny People,1201167
Furry Vengeance,0492389
Futuro Beach,2199543
G.B.F.,2429074
Gabrielle (II),3106846
Gangs of New York,0217505
Gangster Squad,1321870
Garden State,0333766
GasLand,1558250
Gattaca,0119177
Gentlemen Broncos,1161418
Georgia Rule,0791304
Gerry,0302674
Get Hard,2561572
Get Him to the Greek,1226229
Get Low,1194263
Get on Up,2473602
Get Rich or Die Tryin',0430308
Get Shorty,0113161
Get Smart,0425061
G-Force,0436339
Ghost,0099653
Ghost Rider,0259324
Ghost Town (I),0995039
Ghostbusters,1289401
Ghosts of Girlfriends Past,0821640
Gigli,0299930
Gimme Shelter,1657510
Gimme the Loot,2139919
Girl in Progress,1817676
Girl Most Likely,1698648
Girls Against Boys,2036376
Gladiator,0172495
Glengarry Glen Ross,0104348
Glory Road,0385726
Gnomeo and Juliet,2133584
God Bless America,1912398
God Help the Girl,2141751
God's Not Dead,2528814
God's Pocket,2920808
Godzilla Resurgence,4262980
Godzilla Resurgence,4262980
GoldenEye,0113189
Gomorrah,2049116
Gone (I),1838544
Gone Baby Gone,0452623
Gone Girl,2267998
Good Boy!,0326900
Good Luck Chuck,0452625
Good Neighbors,0075511
"Good Night, and Good Luck.",0433383
Good Will Hunting,0119217
Goodbye First Love,1618447
Goodbye Solo,1095442
Goodfellas,0099685
Goon,1456635
Gothika,0348836
Goya's Ghosts,0455957
Grace Unplugged,2349460
Graceland,2393813
Gracie,0441007
Gran Torino,1205489
Grand Piano,2039345
Grandma's Boy,0456554
Gravity,1454468
Grease,0077631
Greedy Lying Bastards,2069784
Green Lantern,1133985
Green Street Hooligans,0385002
Green Zone,0947810
Greenberg,1234654
Gridiron Gang,0421206
Grind,0338077
Grindhouse,0462322
Grizzly Man,0427312
Groundhog Day,0107048
Grown Ups,1375670
Grown Ups 2,2191701
Grudge Match,1661382
Guess Who,0372237
Gulliver's Travels,1320261
Half Nelson,0468489
Hall Pass,0480687
Hallam Foe,0466816
Halloween,0077651
Halloween,0077651
Hancock,0448157
Hanna,0993842
Hannah Arendt,1674773
Hannibal,2243973
Hannibal Rising,0367959
Happily N'Ever After,0308353
Happy Feet,0366548
Happy Gilmore,0116483
"Happy, Happy",1664892
Hard Candy,0424136
Harry Brown,1289406
Harsh Times,0433387
Hart's War,0251114
Hasee Toh Phasee,3173910
Hatchet,0422401
Hateship Loveship,2463512
Haven,1519931
Haywire,1506999
Headhunters,1614989
Heartbeats,1600524
Heartless,2151454
Hell and Back Again,1748043
Hell Baby,2318527
Hellboy,0167190
Hellion,3186318
Henry's Crime,1220888
Here Comes the Boom,1648179
Here Comes the Devil,2107648
Hereafter,1212419
He's Just Not That Into You,1001508
Hesher,1403177
Hidalgo,0317648
Hide and Seek,0382077
Hide Your Smiling Faces,1964773
High School,1247667
High Tension,0338095
Higher Ground,1562568
Hit and Run,2097307
Hitch (I),0386588
Hitchcock,0975645
Holes,0311289
Hollidaysburg,3569326
Hollywood Homicide,0329717
Hollywoodland,0427969
Home Alone,0099785
Home on the Range,0299172
Home Run,2051894
Homefront (I),2312718
Honey,0322589
Honeymoon,3177316
Hoosiers,0091217
Hoot,0453494
Horns,1528071
Horrible Bosses,1499658
Horrible Bosses 2,2170439
Hostage,0340163
Hostel,0450278
Hot Fuzz,0425112
Hot Rod,0787475
Hot Tub Time Machine,1231587
Hotel for Dogs,0785006
Hotel Rwanda,0395169
Hotel Transylvania,0837562
House of Flying Daggers,0385004
House of Sand and Fog,0315983
House of Wax,0397065
How I Live Now,1894476
How to Eat Fried Worms,0462346
How to Lose a Guy in 10 Days,0251127
How to Train Your Dragon,0892769
How to Train Your Dragon 2,1646971
Howl (I),2393827
Howl's Moving Castle,0347149
Hulk,0286716
Humpday,1334537
I Am Ali,4008652
I Am Divine,1356790
I Am Legend,0480249
I Am Love,1226236
I Am Number Four,1464540
I Declare War (I),2133239
I Don't Know How She Does It,1742650
I Give It a Year,2244901
I Hate Valentine's Day,0762105
I Heart Huckabees,0356721
I Hope They Serve Beer in Hell,1220628
I Know Who Killed Me,0897361
"I Love You, Man",1155056
I Origins,2884206
I Saw the Devil,1588170
I Spy,0297181
I Still Know What You Did Last Summer,0130018
I Think I Love My Wife,0770772
I Want Someone to Eat Cheese With,0391229
"I, Frankenstein",1418377
"I, Robot",0343818
Ice Age,0268380
Ice Princess,0396652
Ida,2718492
Identity,0309698
Identity Thief,2024432
Idiocracy,0387808
If I Stay,1355630
Igby Goes Down,0280760
I'm So Excited,5935634
I'm Still Here (I),1356864
Imagine That,0780567
In a Better World,1340107
In Another Country,1989712
In Bruges,0780536
In Darkness,5164184
In Good Company,0385267
In My Sleep,0326965
In the Fog,2325741
In the House,1964624
In the Land of Blood and Honey,1714209
In the Line of Fire,0107206
In the Loop,1226774
In the Valley of Elah,0478134
InAPPropriate Comedy,1754811
Inception,1375666
Independence Day,0116629
Indiana Jones and the Last Crusade,0097576
Indiana Jones and the Temple of Doom,0087469
Inequality for All,2215151
Inglourious Basterds,0361748
Inherent Vice,1791528
Inkheart,0494238
Inland Empire,0460829
Innocent Voices,0387914
Inside Job,1645089
Inside Llewyn Davis,2042568
Inside Man,0454848
Insidious (I),1591095
Instructions Not Included,2378281
Interstellar,0816692
Into the Abyss,1972663
Into the Blue,0378109
Into the Wild,0758758
Intolerable Cruelty,0138524
Intruders,3552166
Iron Man,0371746
Iron Man 2,1228705
Iron Man 3,1300854
Irreversible,0290673
It Follows,3235888
It Runs in the Family,0311110
It's Complicated,1230414
It's Kind of a Funny Story,0804497
I've Loved You So Long,1068649
Ivory Tower,3263520
J. Edgar,1616195
Jack & Diane,0850677
Jack and Jill (I),0810913
Jack Goes Boating,1278379
Jackie Brown,0119396
Janie Jones,1509130
Jarhead,0418763
Jaws,0073195
JCVD,1130988
Jennifer's Body,1131734
Jerry Maguire,0116695
Jersey Boys,1742044
Jesus Camp,0486358
Jesus Henry Christ,1393742
Jewtopia,0878814
Jinn,1562899
Jiro Dreams of Sushi,1772925
John Dies at the End,1783732
John Tucker Must Die,0455967
John Wick,2911666
Johnny English,0274166
Jonah Hex,1075747
Joshua,0808331
Journey to the Center of the Earth,0373051
Journey to the West,2017561
Joyful Noise,1710396
Julie & Julia,1135503
Jumper,0489099
Jumping the Broom,1640484
Juno,0467406
Juno,0467406
Jupiter Ascending,1617661
Jurassic Park,0107290
Just Friends (I),0433400
Just Like Heaven,0425123
Just My Luck,0397078
Just Wright,1407061
Kaboom,1523483
Kangaroo Jack,0257568
Katyn,0879843
Keane,0420291
Keep the Lights On,2011953
Keeping Mum,0444653
Keeping the Faith,0171433
Kelly & Cal,3082826
Kick,2372222
Kill List,1788391
Kill Me Three Times,2393845
Kill the Irishman,1416801
Kill the Messenger,1216491
Kill Your Darlings,1311071
Killer Elite,1448755
Killer Joe,1726669
Killing Season,1480295
King Arthur: Legend of the Sword,3496992
Kingdom of Heaven,0320661
King's Ransom,0388183
Kinky Boots,0434124
Kinsey,0362269
Kiss of the Damned,1959438
Knights of Badassdom,1545660
Knockaround Guys,0211465
Knocked Up,0478311
Knowing,0448011
Koch,2237822
Krrish 3,1029231
Kung Fu Hustle,0373074
Kung Fu Panda,0441773
Kung Fu Panda 2,1302011
La Vie en Rose,0450188
Labor Day,1967545
Labyrinth,0091369
Lady in the Water,0452637
Laggies,2034031
Lakeview Terrace,0947802
Lambert & Stamp,3458236
Land Ho!,3283556
Land of the Lost,0071005
Larry Crowne,1583420
Lars and the Real Girl,0805564
Last Chance Harvey,1046947
Last Ounce of Courage,2359137
Last Train Home,1512201
Last Vegas,1204975
Law Abiding Citizen,1197624
Laws of Attraction,0323033
Lay the Favorite,1132449
Layer Cake,0375912
Leap Year,1216492
Leap Year,1216492
Leatherheads,0379865
Leaves of Grass,1151359
Lebanon,1483831
Left Behind (I),2467046
L'Enfer,0109731
Lethal Weapon 3,0104714
Let's Be Cops,1924435
Let's Go to Prison,0454987
Letters from Iwo Jima,0498380
Letters to Juliet,0892318
Levitated Mass,2992220
Levity,0304328
Liar Liar,0119528
Liberal Arts,1872818
License to Wed,0762114
Life After Beth,2581244
Life in a Day,1687247
Life Is Beautiful,0118799
Life of Crime,1663207
Life of Pi,0454876
Like Crazy,1758692
Like Mike,0308506
Like Someone in Love,1843287
Lilo & Stitch,0275847
Lilting,2560102
Lincoln,0443272
Lions for Lambs,0891527
Listen Up Philip,3093546
Little Children,0404203
Little Manhattan,0412922
Little Miss Sunshine,0449059
Little White Lies,1440232
Littleman,0430304
Locke,2692904
Lockout,1592525
Lola Versus,1710417
Lone Survivor,1091191
Lonely Hearts,0441774
Looking for Eric,1242545
Lord of War,0399295
Lords of Dogtown,0355702
Lore,1996310
Lost in Translation,0335266
Lost River,2366608
Lottery Ticket (I),0979434
Love & Other Drugs,0758752
Love Actually,0314331
Love Crime,1459012
Love in the Time of Cholera,0484740
Love Me If You Dare,0364517
Love Ranch,1125929
Love Story,0066011
"Love, Rosie",1638002
"Love, Wedding, Marriage",1436559
Lovelace,1426329
Lovely Molly,1707392
Loverboy,0097790
Luck by Chance,0886539
Lucky Number Slevin,0425210
Lucky Them,1885299
Lucy (I),2872732
MacGruber,1470023
Machete,0985694
Machine Gun Preacher,1586752
Mad Money,0951216
Madagascar,0351283
Made in Dagenham,1371155
Magic in the Moonlight,2870756
Magic Mike,1915581
Maid in Manhattan,0252076
Main Street,1365483
Make Your Move,1828959
Mama (I),2023587
Mamma Mia!,0795421
Man of the Year,0483726
Man on a Ledge,1568338
Man on Fire,0328107
Man on Wire,1155592
Management,1082853
Manderlay,0342735
Mansome,2294729
Mao's Last Dancer,1071812
Maps to the Stars,2172584
March of the Penguins,0428803
Margaret (I),0466893
Margin Call,1615147
Margot at the Wedding,0757361
Maria Full of Grace,0390221
Marie Antoinette,0422720
Marley,1183919
Marmaduke,1392197
Mars Needs Moms,1305591
Martha Marcy May Marlene,1441326
Match Point,0416320
Matchstick Men,0325805
Max (I),3369806
Max Payne,0467197
May,0303361
McCanick,2295564
Me and You and Everyone We Know,0415978
Mean Creek,0377091
Mean Girls,0377092
Mean Streets,0070379
Meek's Cutoff,1518812
Meet Dave,0765476
Meet Monica Velour,1291549
Meet the Fockers,0290002
Meet the Parents,0212338
Meet the Robinsons,0396555
Meet the Spartans,1073498
Meeting Evil,1810697
Melancholia,1527186
Melinda and Melinda,0378947
Memento,0209144
Memoirs of a Geisha,0397535
Men in Black,0119654
"Men, Women & Children",3179568
Mental,1655416
Mere Brother Ki Dulhan,1740710
Meskada,1461249
Miami Vice,0086759
Michael Clayton,0465538
Middle Men,1251757
Midnight in Paris,1605783
Midnight's Children,1714866
Milk (I),1013753
Million Dollar Arm,1647668
Million Dollar Baby,0405159
Millions,0366777
Mimic,0119675
Minority Report,0181689
Miracle at St. Anna,1046997
Miral,1366409
Mirrormask,0366780
Mirrors (I),0790686
Miss Congeniality,0212346
Miss March,1151922
Miss Pettigrew Lives for a Day,0970468
Mission to Mars,0183523
Mommy (I),3612616
Moms' Night Out,3014666
Moneyball,1210166
Monster,0340855
Monster House,0385880
"Monsters, Inc.",0198781
Monte Carlo,1067774
Moonrise Kingdom,1748122
Mortdecai,3045616
Mother and Child,1121977
Moulin Rouge!,0203009
Movie 43,1333125
Mr. & Mrs. Smith,0356910
Mr. Brooks,0780571
Mr. Deeds,0280590
Mr. Nobody,0485947
Mr. Peabody & Sherman,0864835
Mr. Popper's Penguins,1396218
Mr. Turner,2473794
Mr. Woodcock,0419984
Mrs. Doubtfire,0107614
Mud,1935179
Mulan,0120762
Munich,0408306
Murder 3,2429640
Murderball,0436613
Muscle Shoals,2492916
Museum Hours,2268732
Must Love Dogs,0417001
My Afternoons with Margueritte,1455151
My Best Friend's Girl,1046163
My Big Fat Greek Wedding,0259446
My Dog Tulip,0843358
My Joy,1646114
My Old Lady,2908856
My Perestroika,1557720
My Sister's Keeper,1078588
My Soul to Take,0872230
My Summer of Love,0382189
My Week with Marilyn,1655420
My Winnipeg,1093842
Mysteries of Lisbon,1236371
Mysterious Skin,0370986
Mystery Team,1237838
Mystic River,0327056
Nacho Libre,0457510
Nanny McPhee,0396752
Napoleon Dynamite,0374900
National Gallery,3720794
National Security,0271668
National Treasure,0368891
Natural Born Killers,0110632
Nature Calls,1493157
Nebraska,1821549
Ned Kelly,0277941
Neil Young Journeys,2043931
Never Back Down,1023111
Never Let Me Go,1334260
New in Town,1095174
New Year's Eve,1598822
New York Minute (I),0363282
"New York, I Love You",0808399
Next,0435705
Nick and Norah's Infinite Playlist,0981227
Night at the Museum,0477347
Night Moves,0073453
Night of the Living Dead 3D,0489244
Nights in Rodanthe,0956038
Nim's Island,0410377
Nine,0875034
Ninja Assassin,1186367
No Country for Old Men,0477348
No End in Sight,0912593
No One Lives,1763264
No Reservations,0481141
No Strings Attached (I),1411238
Noah,1959490
Nobody Knows,0408664
Nobody Walks,1907731
Norbit,0477051
North Country,0395972
Not Cool (II),3569356
Notes on a Scandal,0465551
Nothing Bad Can Happen,2822400
Notting Hill,0125439
Now You See Me (I),1670345
Nowhere Boy,1266029
Oblivion (I),1483013
Observe and Report,1197628
Obvious Child,2910274
Oceans,0765128
Ocean's Eleven,0240772
Ocean's Twelve,0349903
Oculus (I),2388715
Of Gods and Men,1588337
Office Space,0151804
Officer Down (II),1925479
Old Dogs (I),0976238
Old School,0302886
Oldboy,0364569
Oldboy,0364569
Oliver Twist,0380599
Olympus Has Fallen,2302755
On the Road,0337692
Once,0907657
Once Upon a Time in Anatolia,1827487
Once Upon a Time in the Midlands,0301684
Ondine,1235796
One Chance,1196956
One Day,1563738
One Hour Photo,0265459
One Missed Call,0479968
Ong-bak 3,1653690
Only God Forgives,1602613
Only Lovers Left Alive,1714915
Open Hearts,0315543
Open Range,0316356
Open Water,0374102
Open Windows,2409818
Ordinary People,0081283
Osmosis Jones,0181739
Ouija (II),1204977
Our Idiot Brother,1637706
Our Kind of Traitor,1995390
Out of the Furnace,1206543
Out of Time (I),0313443
Outlander,3006802
Over the Hedge,0327084
Owning Mahowny,0285861
Oz the Great and Powerful,1623205
P.S. I Love You,0431308
P2,0804516
Pacific Rim,1663662
Paddington,1109624
Palindromes,0362004
Palo Alto,2479800
Pandorum,1188729
Pan's Labyrinth,0457430
Paper Heart,1331064
Paper Man,0437405
Paprika,0851578
Paradise Now,0445620
Paranoid Park,0842929
Paranormal Activity,1179904
Paranormal Activity 2,1536044
Paranormal Activity 3,1778304
Paranormal Activity 4,2109184
ParaNorman,1623288
Parental Guidance,1047540
Pariah (I),1233334
"Paris, je t'aime",0401711
Parker,1904996
Parkland,2345112
Particle Fever,1385956
Passion Play,1396221
Pastorela,2011183
Patch Adams,0129290
Pathology,0964539
Patton,0066206
Paul,1092026
Paul Williams Still Alive,1956594
Pawn (I),1551630
Pawn Shop Chronicles,1741243
Paycheck,0338337
Pearl Harbor,0213149
Pearl Jam Twenty,1417592
Penguins of Madagascar,1911658
Perception,1714204
Perfect Sense,1439572
Persepolis,0808417
Philadelphia,0107818
Philomena,2431286
Phoebe in Wonderland,1034325
Phone Booth,0183649
Picture Perfect,0119896
Piglet's Big Movie,0323642
Pina,1440266
Pineapple Express,0910936
Ping Pong Playa,0991167
Pinocchio,0032910
Piranha 3DD,1714203
Pitch Perfect,1981677
Planes,1691917
Planet 51,0762125
Plastic Planet,1292648
Playback (II),1682940
Please Give,0878835
Plush,2226519
Pocahontas,0114148
Point Blank,1545759
Polisse,1661420
Pompeii (I),1921064
Pontypool,1226681
Ponyo,0876563
Pooh's Heffalump Movie,0407121
Populaire,2070776
Poseidon,0409182
Post Grad,1142433
Post Tenebras Lux,1754367
Postal,0486640
Potiche,1521848
Predators,1424381
Premium Rush,1547234
Premonition (I),0477071
Pretty Woman,0100405
Price Check,1845849
Primary Colors,0119942
Prime,0387514
Primer,0390384
Primeval,0808096
Prince Avalanche,2195548
Prisoners,1392214
Private Parts,0119951
Project Nim,1814836
Prom,1604171
Prometheus (I),1446714
Proof of Life,0228750
Psycho,0054215
Public Enemies,1152836
Pulp Fiction,0110912
Pulse (I),0454919
Puncture,1582248
Pusher (I),1921070
Quarantine,1082868
Quartet,1441951
Queen to Play,1082009
Quid Pro Quo (I),0414426
R.I.P.D.,0790736
Raajneeti,1291465
Rabbit Hole,0935075
Race 2,1375789
Race to Witch Mountain,1075417
Rachel Getting Married,1084950
Radio Free Albemuth,1129396
Raiders of the Lost Ark,0082971
Rain Man,0095953
Raise Your Voice,0361696
Ramaiya Vastavaiya,2357926
Rango,1192628
Ransom,0117438
Rapt,1430110
Ratatouille,0382932
Ray (I),0350258
Raze,2111392
Real Steel,0433035
Red Army,3264102
Red Dragon,0289765
Red Eye,0421239
Red Riding Hood,1486185
Red Road,0471030
Red State,0873886
Red Tails,0485985
Redemption Road,1470020
Reign of Fire,0253556
Reign Over Me,0490204
Religulous,0815241
Remember Me,1403981
Remember the Titans,0210945
Rendition,0804522
Renoir,2150332
Rent,0294870
Repentance (I),2012665
Reprise,0827517
Requiem for a Dream,0180093
Rescue Dawn,0462504
Reservation Road,0831884
Reservoir Dogs,0105236
Resident Evil,0120804
Restrepo,1559549
Revolutionary Road,0959337
Ride Along,1408253
Righteous Kill,1034331
Rings,0498381
Rio,1436562
Rio 2,2357291
Risky Business,0086200
Road to Perdition,0257044
Rob the Mob,2481480
Robots,0358082
Rock of Ages,1336608
Role Models,0430922
Rosewater,2752688
Rowdy Rathore,2077833
Rubber,1612774
Rubberneck,2292903
Ruby Sparks,1839492
Rudderless,1798243
Rugrats Go Wild,0337711
Run All Night,2199571
Runaway Jury,0313542
Runner Runner,2364841
Running with Scissors,0439289
Rush Hour,4085584
Rush Hour 2,0266915
Rush Hour 3,0293564
Rushmore,0128445
Rust and Bone,2053425
RV,0449089
S.W.A.T.,0257076
Safe Haven (I),1702439
Safe House,1599348
Safety Not Guaranteed,1862079
Sahara,0318649
Sal (I),1794943
Salinger,1596753
Samsara (I),0770802
Sanctum,0881320
Saraband,0299478
Sarah's Key,1668200
Saturday Night Fever,0076666
Satyagraha (I),2275802
Saving Face,0384504
Saving Mr. Banks,2140373
Saving Private Ryan,0120815
Saw,0387564
Scary Movie 3,0306047
Scary Movie 4,0362120
Scary Movie 5,0795461
Scenic Route,2012011
Scent of a Woman,0105323
Schindler's List,0108052
School for Scoundrels,0462519
Scoop,0457513
Scream,0117571
Scream 4,1262416
Seabiscuit,0329575
Searching for Sugar Man,2125608
Secondhand Lions,0327137
Secret Window,0363988
Secretariat,1028576
See Spot Run,0250720
Seed of Chucky,0387575
Seeking Justice,1214962
Selma,1020072
September Dawn,0473700
Seraphim Falls,0479537
Serena (I),1247690
Serenity,0379786
Serious Moonlight,1133993
Seven Pounds,0814314
Seven Psychopaths,1931533
Seventh Son (I),1121096
Sex and the City,0159206
Sex and the City 2,1261945
Sex Drive,1135985
Sex Tape,1956620
Shadow Dancer,1770734
Shakespeare in Love,0138097
Shall We Dance,0358135
Shall We Kiss?,0920473
Shame,1723811
Shanghai Knights,0300471
Shanghai Noon,0184894
Shaolin,1533749
Shark Tale,0307453
Sharknado,2724064
Sharkwater,0856008
Shattered Glass,0323944
Shaun of the Dead,0365748
Shelter (I),3136112
Sherlock Holmes,0988045
She's the Man,0454945
Shoot 'Em Up,0465602
Shooter (I),0822854
Shopgirl,0338427
Short Term 12,2370248
Shortbus,0367027
Shorts,1100119
Shotgun Stories,0952682
Shrek,0126029
Shrek 2,0298148
Shrink,1247692
Shrooms,0492486
Shutter Island,1130884
Sicko,0386032
Sideways,0375063
Sightseers,2023690
Signs,0286106
Silent Hill,0384537
Silent House,1767382
Silver Linings Playbook,1045658
Simon Killer,1790834
Sin City,0401792
Sin Nombre,1127715
Singham,1948150
Sinister (I),1922777
Sixteen Candles,0088128
Skateland,1312254
Sky High,0405325
Skyline,1564585
Sleepless in Seattle,0108160
Sleepover,0368975
Sleepwalk with Me,2077851
Sleepy Hollow,2647544
Slipstream,0499570
Slither,0439815
Slumdog Millionaire,1010048
Smart People,0858479
Smash His Camera,1280015
Smashed,2063781
Smokin' Aces,0475394
Snakes on a Plane,0417148
Snitch (I),0882977
Snow White and the Huntsman,1735898
Snow White: The Fairest of Them All,0255605
Snowpiercer,1706620
Solaris,0069293
Solitary Man,1294213
Somebody Up There Likes Me,0049778
Somersault,0381429
Something Borrowed,0491152
Something's Gotta Give,0337741
Somewhere in Time,0081534
Son of God,3210686
Son of Rambow,0845046
Son of the Mask,0362165
Sorority Row,1232783
Soul Men,1111948
Soul Surfer,1596346
Sound of My Voice,1748207
Source Code,0945513
Southern Comfort,0083111
Space Chimps,0482603
Spanglish,0371246
Speed,0111257
Speed Racer,0811080
Spirited Away,0245429
Splice,1017460
Spread,1186370
Spring Breakers,2101441
St. Vincent,2170593
Stand Up Guys,1389096
Stardust,0486655
Starlet (I),2035630
Starred Up,2567712
Starship Troopers,0120201
State of Play,0473705
Stay (I),0371257
Stay Alive,0441796
Stealth,0382992
Steamboy,0348121
Step Brothers,0838283
Step Up,0462590
Steve Jobs,2080374
Stick It,0430634
Still Alice,3316960
Still Mine,2073086
Stoker,1682180
Stone,1423995
Stonehearst Asylum,1772264
Storage 24,1986953
Stories We Tell,2366450
Strange Magic,4191054
Strange Wilderness,0489282
Stranger Than Fiction,0420223
Street Kings,0421073
Strictly Ballroom,0105488
Stuart Little 2,0243585
Stuck in Love,2205697
Submarine,1440292
Sucker Punch,0978764
Sukiyaki Western Django,0906665
Summer Hours,0836700
Sunshine Cleaning,0862846
Super 8,1650062
Super Size Me,0390521
Superbad,0829482
Superhero Movie,0426592
Superman,0078346
Surf's Up,0423294
Surrogates,0986263
Surviving Christmas,0252028
Suspect Zero,0324127
SWAT: Unit 887,3515632
Sweet Home Alabama,0256415
Swept Away,0291502
Swimming Pool,0324133
Swingers,0117802
Swordfish,0244244
Sydney White,0815244
Sympathy for Mr. Vengeance,0310775
"Synecdoche, New York",0383028
Syriana,0365737
Syriana,0365737
Tai Chi Hero,2296404
Take Shelter,1675192
Take This Waltz,1592281
Taken (I),0936501
Taken 2,1397280
Taken 3,2446042
Taking Lives,0364045
Taking Woodstock,1127896
Tales from Earthsea,0495596
Talk to Her,0287467
Tamara,0401815
Tamara Drewe,1486190
Tammy,2103254
Taxi,0077089
Taxi to the Dark Side,0854678
Teacher's Pet,0052278
Tears of the Sun,0314353
Ted,1637725
Teenage (I),2196055
Teeth (I),0780622
Tell No One,0362225
Tere Naal Love Ho Gaya,2130242
Terminator Salvation,0438488
Terri,1687281
Terribly Happy,1087890
Texas Chainsaw 3D,1572315
Texas Killing Fields,1389127
Thank You for Smoking,0427944
Thanks for Sharing,1932718
The 5th Quarter,1130964
The Abyss,0096754
The Adjustment Bureau,1385826
The Air I Breathe,0485851
The Almost Man,2195498
The Amityville Horror,0384806
The Animal,0255798
The Ant Bully,0429589
The Apparition,1433822
The Arbor,1623008
The Aristocrats,0436078
The Armstrong Lie,1638364
The Art of the Steal,2172985
The Art of the Steal,2172985
The Artist (I),1655442
The Artist and the Model,1990217
The Attack,0787442
The Aviator,0338751
The Babadook,2321549
The Babymakers,0835418
The Bag Man (I),2212008
The Ballad of Jack and Rose,0357110
The Band's Visit,1032856
The Bank Job,0200465
The Battle of Shaker Heights,0357470
The Bay (II),1713476
The Beaver,1321860
The Benchwarmers,0437863
The Best Exotic Marigold Hotel,1412386
The Best of Me,1972779
The Best Offer,1924396
The Big Lebowski,0118715
The Big Wedding,1931435
The Big Year,1053810
The Black Dahlia,0387877
The Blind Side,0878804
The Bling Ring,2132285
The Book of Eli,1037705
The Book Thief,0816442
The Boondock Saints,0144117
The Boss,2702724
The Bounty Hunter (I),1038919
The Bourne Identity,0258463
The Bourne Supremacy,0372183
The Bourne Ultimatum,0440963
The Boy in the Striped Pajamas,0914798
The Boy Next Door,3181822
The Boys Are Back,0926380
The Brass Teapot,1935902
The Brave One,0476964
The Breakfast Club,0088847
The Brothers Bloom,0844286
The Brothers Grimm,0355295
The Bucket List,0825232
The Burning Plain,1068641
The Butterfly Effect,0289879
The Cabin in the Woods,1259521
The Calling,1666335
The Canyons,2292959
The Cat in the Hat,0312528
The Central Park Five,2380247
The Children of Huang Shi,0889588
The Chronicles of Riddick,0296572
The Chronicles of Riddick,0296572
The Clearing,0331952
The Cold Light of Day,1366365
The Collection,5239494
The Comebacks,0790804
The Comedy,2112293
The Company Men,1172991
The Company You Keep,1381404
The Concert,1320082
The Congress,1821641
The Conjuring,1457767
The Conspirator,0968264
The Constant Gardener,0387131
The Core,0298814
The Counsellor,2193215
The Counterfeiters,0813547
The Covenant,0475944
The Crazies,0455407
The Croods,0481499
The Crow,0109506
The Curious Case of Benjamin Button,0421715
The Curse of Sleeping Beauty,4118606
The Da Vinci Code,0382625
The Damned United,1226271
The Dance of Reality,2301592
The Darjeeling Limited,0838221
The Dark Knight,0468569
The Darkest Hour,1093357
The Day After Tomorrow,0319262
The Debt (I),1226753
The Decoy Bride,1657299
The Deer Hunter,0077416
The Departed,0407887
The Descent,0435625
The Devil Inside,1560985
The Devil Wears Prada,0458352
The Devil's Double,1270262
The Devil's Rejects,0395584
The Dictator,1645170
The Diving Bell and the Butterfly,0401383
The Doors: When You're Strange,1333667
The Double Hour,1379222
The Dreamers,0309987
The Drop,1600196
The Duchess,0864761
The DUFF,1666801
The Duke of Burgundy,2570858
The East,1869716
The Edge,0119051
The Edge of Heaven,0880502
The Edukators,0408777
The Emperor's Club,0283530
The End of Love,1827578
The English Teacher,2055765
The Equalizer,0455944
The Evil Dead,0083907
The Exorcism of Emily Rose,0404032
The Expendables,1320253
The Expendables 2,1764651
The Expendables 3,2333784
The Extra Man,1361313
The Face of Love,1839642
The Faith of Anna Waters (I),3894404
The Family Stone,0356680
The Fast and the Furious,0232500
The Fast and the Furious,0232500
The Fifth Element,0119116
The Fifth Estate,1837703
The Firm,0106918
The First Wives Club,0116313
The Flat,2071620
The Flowers of War,1410063
The Foot Fist Way,0492619
The Forbidden Kingdom,0865556
The Fountain,0414993
The Four Feathers,0240510
The Fourth Kind,1220198
The Fugitive,0106977
The Gambler (III),2039393
The Game Plan,0492956
The Gatekeepers,2309788
The German Doctor,1847746
The Ghost Writer,1139328
The Girl Next Door,0265208
The Girl Next Door,0265208
The Girl Who Kicked the Hornet's Nest,1343097
The Girl Who Played with Fire,1216487
The Girl with the Dragon Tattoo,1568346
The Girl with the Dragon Tattoo,1568346
The Girlfriend Experience,3846642
The Giver,0435651
The Godfather,0068646
The Golden Compass,0385752
The Good Doctor (I),1582271
The Good Girl,0279113
The Good Lie,2652092
The Good Shepherd,0343737
The Goonies,0089218
The Grace Card,1544600
The Graduate,0061722
The Grand Budapest Hotel,2278388
The Grand Seduction,2319580
The Great Debaters,0427309
The Great Raid,0326905
The Green Hornet,0990407
The Green Mile,0120689
The Grey,1601913
The Ground Truth,0446345
The Grudge,0391198
The Grudge 2,0433386
The Hangover,1119646
The Happening,0949731
The Haunted Mansion,0338094
The Haunting in Connecticut,0492044
The Heartbreak Kid,0408839
The History Boys,0464049
The Holiday,0457939
The Homesman,2398231
The Host,1517260
The Host,1517260
The Hot Chick,0302640
The Hottie & the Nottie,0804492
The Hours,0274558
The House Bunny,0852713
The House I Live In,2125653
The House of the Devil,1172994
The Housemaid,1314652
The Hunger Games,1392170
The Hunt for Red October,0099810
The Hunted,0269347
The Hurt Locker,0887912
The Ice Harvest,0400525
The Identical,2326574
The Ides of March,1124035
The Illusionist,0443543
The Illusionist,0443543
The Imaginarium of Doctor Parnassus,1054606
The Imitation Game,2084970
The Immigrant,1951181
The Impossible,1649419
The Incredible Hulk,0800080
The Incredibles,0317705
The Informant!,1130080
The Innkeepers,1594562
The Insider,0140352
The International (I),0963178
The Internship,2234155
The Interpreter,0373926
The Interrupters,1319744
The Invasion (I),0427392
The Invention of Lying,1058017
The Invisible,0435670
The Invisible War,2120152
The Invisible Woman,1700845
The Iron Lady,1007029
The Island President,1990352
The Italian Job,0317740
The Jacket,0366627
The Jane Austen Book Club,0866437
The Joneses,1285309
The Judge,1872194
The Jungle Book 2,0283426
The Kids Are All Right,0842926
The Killer Inside Me,0954947
The Kingdom,0431197
The Kings of Summer,2179116
The King's Speech,1504320
The Lady from Shanghai,0040525
The Lake House,0410297
The Last Airbender,0938283
The Last Days on Mars,1709143
The Last Exorcism,1320244
The Last King of Scotland,0455590
The Last Legion,0462396
The Last Lions,1692928
The Last Samurai,0325710
The Last Song,1294226
The Last Stand,1549920
The Last Station,0824758
The League of Extraordinary Gentlemen,0311429
The Legend of Tarzan,0918940
The Libertine,0375920
The Life and Legend of Wyatt Earp,0047750
The Life of David Gale,0289992
The Lincoln Lawyer,1189340
The Lion King,0110357
The Lives of Others,0405094
The Lizzie McGuire Movie,0306841
The Loft,1850397
The Lone Ranger,1210819
The Loneliest Planet,1695405
The Look of Love,1951216
The Lookout,0427470
The Lords of Salem,1731697
The Losers (I),0480255
The Lottery,3314228
The Love Guru,0811138
The Love Punch,2234261
The Lovely Bones,0380510
The Lucky One,1327194
The Lunchbox,2350496
The Machinist,0361862
The Majestic,0268995
The Man in the Iron Mask (I),0120744
The Man with the Iron Fists,1258972
The Manchurian Candidate,0368008
The Manchurian Candidate,0368008
The Marine,0419946
The Mask,0110475
The Master,1560747
The Master of Disguise,0295427
The Matador,0365485
The Matrix,0133093
The Matrix Reloaded,0234215
The Matrix Revolutions,0242653
The Maze Runner,1790864
The Mechanic,0472399
The Medallion,0288045
The Men Who Stare at Goats,1234548
The Mercy,3319730
The Messengers,3513704
The Missing Picture,2852470
The Mist,0884328
The Monuments Men,2177771
The Moth Diaries,1407065
The Motorcycle Diaries,0318462
The Mudge Boy,0339419
The Mummy,2345759
The Mummy Returns,0209163
The Muppets,1204342
The Names of Love,1646974
The Namesake,0433416
The New World,0402399
The Next Three Days,1458175
The Nines,0810988
The Notebook,0332280
The Notebook,0332280
The Notorious Bettie Page,0404802
The November Man,2402157
The Number 23,0481369
The Nut Job (I),1821658
The Objective,0962711
The Odd Life of Timothy Green,1462769
The One I Love,2756032
The Oranges,1313139
The Orphanage,0464141
The Other Boleyn Girl,0467200
The Other Dream Team,1606829
The Other Son,2073016
The Other Woman,2203939
The Other Woman,2203939
The Overnighters,3263996
The Oxford Murders,0488604
The Pacifier,0395699
The Page Turner,0487503
The Painted Veil,0446755
The Paperboy,1496422
The Passion of the Christ,0335345
The Passion of the Christ,0335345
The Past,2404461
The Patriot,0187393
The Pelican Brief,0107798
The Perfect Game,0473102
The Perfect Host,1334553
The Perfect Score,0314498
The Perfect Storm,0177971
The Perks of Being a Wallflower,1659337
The Phantom of the Opera,0293508
The Pianist,0253474
The Pink Panther 2,0838232
The Place Beyond the Pines,1817273
The Pledge (I),0237572
The Polar Express,0338348
The Prestige,0482571
The Prince of Egypt,0120794
The Princess and the Frog,0780521
The Princess Diaries,0247638
The Princess of Montpensier,1599975
The Producers,0063462
The Proposal (I),1041829
The Punisher,0330793
The Purge (I),2184339
The Pursuit of Happyness,0454921
The Pyramid,2799166
The Queen,0436697
The Queen of Versailles,2125666
The Quiet Ones,2235779
The Raid 2,2265171
The Railway Man,2058107
The Raven (I),1486192
The Reader,0976051
The Reaping,0444682
The Reckoning (II),0258816
The Recruit,0292506
The Reluctant Fundamentalist,2032557
The Remaining (I),2714380
The Retrieval,2635006
The Return,0376968
The Ringer,0267891
The Riot Club,2717860
The Rite,1161864
The Rock,0117500
The Rocker,1031969
The Rocket (II),5181834
The Rocky Horror Picture Show: Let's Do the Time Warp Again,1267299
The Romantics,1403988
The Rover,2345737
The Ruins,0963794
The Rum Diary,0376136
The Runaways,1017451
The Rundown,0327850
The Sacrament,2383068
The Salt of the Earth,3674140
The Samaritan (I),1867093
The Santa Clause 2,0304669
The Sapphires,1673697
The Savages,0775529
The Science of Sleep,0354899
The Scorpion King,0277296
The Sea Inside (I),0369702
The Secret in Their Eyes,1305806
The Secret Life of Words,0430576
The Secret of Kells,0485601
The Selfish Giant,2304426
The September Issue,1331025
The Shaggy Dog,0393735
The Shawshank Redemption,0111161
The Shield,0286486
The Shining,0081505
The Silence of the Lambs,0102926
The Sitter,1366344
The Sixth Sense,0167404
The Skeleton Twins,1571249
The Skin I Live In,1189073
The Smurfs,0472181
The Smurfs 2,2017020
The Social Network,1285016
The Soloist,0821642
The Son of No One,1535612
The Sorcerer and the White Snake,1857913
The Sorcerer's Apprentice,0963966
The Spectacular Now,1714206
The Spiderwick Chronicles,0416236
The Spy Next Door,1273678
The Squid and the Whale,0367089
The Starving Games,2403029
The Station Agent,0340377
The Stepford Wives,0327162
The Stoning of Soraya M.,1277737
The Sum of All Fears,0164184
The Sweeney,0071059
The Syrian Bride,0423310
The Tale of Despereaux,0420238
The Tall Man,1658837
The Terminal,0362227
The Terminator,0088247
The Theory of Everything,2980516
The Thieves,2330866
The Three Stooges,0383010
The Tillman Story,1568334
The Time Traveler's Wife,0452694
The Tourist,1243957
The Tourist,1243957
The Transporter,0293662
The Tree of Life,0478304
The Trip to Italy,2967006
The Triplets of Belleville,0286244
The Tripper,0760187
The Truman Show,0120382
The Turin Horse,1316540
The Two Faces of January,1976000
The Ugly Truth,1142988
The Ultimate Gift,0482629
The Ultimate Life,1778924
The Unborn,1139668
The Uninvited,0815245
The United States of Leland,0301976
The Unknown Known,2390962
The Usual Suspects,0114814
The Valet,0449851
The Village,0368447
The Virginity Hit,1695994
The Vow,1606389
The Wackness,1082886
The Wailing,5215952
The Wait,3715122
The Waiting Room (III),1618399
The War Tapes,0775566
The Warrior's Way,1032751
The Waterboy,0120484
The Way He Looks,1702014
The Way Way Back,1727388
The Way Way Back,1727388
The Weight of Water,0210382
The White Ribbon,1149362
The Whole Ten Yards,0327247
The Wicker Man,0450345
The Wild Hunt,1493886
The Wind Rises,2013293
The Wind That Shakes the Barley,0460989
The Wolf of Wall Street,0993846
The Wolfman,0780653
The Woman in Black,1596365
The Woodmans,1610516
The Woodsman,0361127
The World Is Not Enough,0143145
The World's End,1213663
The World's Fastest Indian,0412080
The Wrestler,1125849
The Year My Parents Went on Vacation,0857355
The Young Victoria,0962736
The Zero Theorem,2333804
Then She Found Me,0455805
There Be Dragons,1316616
There Will Be Blood,0469494
Thin Ice,1512240
Things to Come,4120176
Things We Lost in the Fire,0469623
Think Like a Man,1621045
Thir13en Ghosts,0245674
Third Person,2343793
Thirteen,0328538
Thirteen Days,0146309
This Film Is Not Yet Rated,0493459
This Is England,0480025
Thor,0800369
Thor,0800369
Three Kings,0120188
Timbuktu,3409392
Tim's Vermeer,3089388
Tiny Furniture,1570989
Titan A.E.,0120913
Titanic,0120338
To Save a Life,1270286
Together,0203166
Tomorrow Never Dies,0120347
Tooth Fairy (I),0808510
Tootsie,0084805
Top Five,2784678
Torque,0329691
Total Recall (I),1386703
Total Recall (I),1386703
Tower Heist,0471042
Toy Story,0114709
Toy Story 2,0120363
Toy Story 3,0435761
Trade (I),0399095
Trading Places,0086465
Traffic,0181865
Training Day,0139654
Trance (I),1924429
Transamerica,0407265
Transcendence (I),2209764
Transporter 2,0388482
Transporter 3,1129442
Transsiberian,0800241
Trapped,3561180
Treasure Planet,0133240
Tremors,0100814
Triangle,1187064
Tristan + Isolde,0375154
Trollhunter,1740707
Tropic Thunder,0942385
Trouble the Water,1149405
Trouble with the Curve,2083383
Troy,0332452
True Lies,0111503
Tsotsi,0468565
"Tuesday, After Christmas",1470024
Tulpan,0436854
Turbo,1860353
"Turn Me On, Dammit!",1650407
Turtles Can Fly,0424227
Twelve,1407084
Twister,0117998
Two Lives,1783422
Two Lovers,1103275
Two Night Stand,2140619
Two Weeks Notice,0313737
Tyson,0114759
Ultraviolet,0370032
Una noche,2184331
Unaccompanied Minors,0488658
Unbreakable,0217869
Unbroken (I),1809398
Underclassman,0373416
Undertow,0360130
Underworld,0320691
Unfinished Song,1047011
Unforgiven,0105695
Unforgotten,4192812
United 93,0475276
Unknown (I),1401152
Unleashed,0342258
Unstoppable,0477080
Untraceable,0880578
Up,1049413
Up in the Air (I),1193138
Upside Down (I),1374992
Upstream Color,2084989
Uptown Girls,0263757
V for Vendetta,0434409
V/H/S,2105044
V/H/S/2,2450186
Vacancy,0452702
Valentine's Day (I),0817230
Valhalla Rising,0862467
Valiant,0361089
Valkyrie,0985699
Vampire Academy,1686821
Vamps,1545106
Van Helsing,5197820
Vanilla Sky,0259711
Vanishing on 7th Street,1452628
Vantage Point,0443274
Venus and Serena,2376024
Venus in Fur,2406252
Vera Drake,0383694
Veronica Guerin,0312549
Veronica Mars,0412253
Vicky Cristina Barcelona,0497465
Victor Frankenstein,1976009
Violet & Daisy,1634136
Vitus,0478829
Volver (I),0441909
W. (I),1175491
Waiting for Forever,1296898
Waiting for Lightning,1754853
Waiting... (I),0348333
Waitress,0473308
Waking Sleeping Beauty,1159961
Walk of Shame,2463288
Walk the Line,0358273
Walking Tall,0351977
Walking with Dinosaurs 3D,1762399
WALL¬∑E,0910970
Waltz with Bashir,1185616
Wanderlust,1655460
Wanted,0493464
War Horse,1568911
War of the Worlds,0407304
"War, Inc.",0884224
Warm Bodies,1588173
Warrior King 2,1925518
Waste Land,1268204
Watchmen,0409459
Water for Elephants,1067583
Watermark,3106868
Wayne's World,0105793
We Are Marshall,0758794
We Are What We Are,2309021
We Are What We Are,2309021
We Bought a Zoo,1389137
We Have a Pope,1456472
We Need to Talk About Kevin,1242460
We Were Soldiers,0277434
Wedding Crashers,0396269
Welcome to Mooseport,0361925
Welcome to the Rileys,1183923
Wendy and Lucy,1152850
We're the Millers,1723121
West of Memphis,2130321
Wetlands,2524674
Whale Rider,0298228
What a Girl Wants,0286788
What About Bob?,0103241
What Doesn't Kill You,1133991
What Happens in Vegas,1033643
What Lies Beneath,0161081
What Maisie Knew,1932767
Whatever Works,1178663
What's Your Number?,0770703
When Comedy Went to School,2167056
When Harry Met Sally...,0098635
When in Rome,1185416
When the Game Stands Tall,2247476
Where Do We Go Now?,1772424
Where the Wild Things Are,0386117
While We're Young,1791682
Whip It,1172233
Whiplash,2582802
White Bird in a Blizzard,2238050
White Chicks,0381707
White God,2844798
White House Down,2334879
White Irish Drinkers,1550524
White Material,1135952
White Noise,0375210
Whiteout,0365929
Who Framed Roger Rabbit,0096438
Wicker Park,0324554
Wicker Park,0324554
Wild Grass,1156143
Wild Hogs,0486946
Wild Tales,3011894
Wimbledon,0360201
Win a Date with Tad Hamilton!,0335559
Win Win,1606392
Winnie the Pooh,1449283
Winter in Wartime,0795441
Winter's Bone,1399683
Winter's Tale,1837709
Wish I Was Here,2870708
Without a Paddle,0364751
Wolf Creek,4460878
Woman in Gold,2404425
Words and Pictures,2380331
World War Z,0816711
World's Greatest Dad (I),1262981
Wrong Turn (I),0295700
Xanadu,0081777
XXY,0995829
Year One,1045778
Yes Man,1068680
Yogi Bear,1302067
You Again,1414382
You Don't Mess with the Zohan,0960144
You Got Served,0365957
You Kill Me,0796375
You Will Be My Son,1754795
"You, Me and Dupree",0463034
Young Adult,1625346
Your Highness,1240982
Your Sister's Sister,1742336
You're Next,1853739
"Yours, Mine & Ours",0443295
Youth (I),3312830
Youth in Revolt,0403702
You've Been Trumped,1943873
You've Got Mail,0128853
Yves Saint Laurent,2707858
Zack and Miri Make a Porno,1007028
Zaytoun,2131698
Zombieland,1156398
Zookeeper,1222817
Zoom,3763866
